,symboling,normalized-losses,make,num-of-doors,body-style,drive-wheels,engine-location,wheel-base,length,width,height,curb-weight,engine-type,num-of-cylinders,engine-size,fuel-system,bore,stroke,compression-ratio,horsepower,peak-rpm,city-mpg,highway-L/100km,price,normalizes-losses,city-L/100km,highway-L/100km,horsepower-binned,fuel-type-diesel,fuel-type-gas,fuel-type-diesel,fuel-type-gas,asp-type-std,asp-type-turbo,asp-type-std,asp-type-turbo,asp-type-std,asp-type-turbo,asp-type-std,asp-type-turbo,asp-type-std,asp-type-turbo,asp-type-std,asp-type-turbo,asp-type-std,asp-type-turbo,asp-type-std,asp-type-turbo
0,3,122,alfa-romero,two,convertible,rwd,front,88.6,0.8111484863046613,0.8865836791147994,0.8111484863046613,2548,dohc,four,130,mpfi,3.47,2.68,9.0,111,5000.0,21,27,13495.0,122,11.19047619047619,8.703703703703704,Low,False,True,False,True,True,False,True,False,True,False,True,False,True,False,True,False,True,False,True,False
1,3,122,alfa-romero,two,convertible,rwd,front,88.6,0.8111484863046613,0.8865836791147994,0.8111484863046613,2548,dohc,four,130,mpfi,3.47,2.68,9.0,111,5000.0,21,27,16500.0,122,11.19047619047619,8.703703703703704,Low,False,True,False,True,True,False,True,False,True,False,True,False,True,False,True,False,True,False,True,False
2,1,122,alfa-romero,two,hatchback,rwd,front,94.5,0.8226814031715521,0.9059474412171508,0.8226814031715521,2823,ohcv,six,152,mpfi,2.68,3.47,9.0,154,5000.0,19,26,16500.0,122,12.368421052631579,9.038461538461538,Medium,False,True,False,True,True,False,True,False,True,False,True,False,True,False,True,False,True,False,True,False
3,2,164,audi,four,sedan,fwd,front,99.8,0.8486304661220567,0.9156293222683265,0.8486304661220567,2337,ohc,four,109,mpfi,3.19,3.4,10.0,102,5500.0,24,30,13950.0,164,9.791666666666666,7.833333333333333,Low,False,True,False,True,True,False,True,False,True,False,True,False,True,False,True,False,True,False,True,False
4,2,164,audi,four,sedan,4wd,front,99.4,0.8486304661220567,0.9183955739972338,0.8486304661220567,2824,ohc,five,136,mpfi,3.19,3.4,8.0,115,5500.0,18,22,17450.0,164,13.055555555555555,10.681818181818182,Low,False,True,False,True,True,False,True,False,True,False,True,False,True,False,True,False,True,False,True,False
5,2,122,audi,two,sedan,fwd,front,99.8,0.8519942335415667,0.91701244813278,0.8519942335415667,2507,ohc,five,136,mpfi,3.19,3.4,8.5,110,5500.0,19,25,15250.0,122,12.368421052631579,9.4,Low,False,True,False,True,True,False,True,False,True,False,True,False,True,False,True,False,True,False,True,False
6,1,158,audi,four,sedan,fwd,front,105.8,0.9259971167707832,0.9875518672199172,0.9259971167707832,2844,ohc,five,136,mpfi,3.19,3.4,8.5,110,5500.0,19,25,17710.0,158,12.368421052631579,9.4,Low,False,True,False,True,True,False,True,False,True,False,True,False,True,False,True,False,True,False,True,False
7,1,122,audi,four,wagon,fwd,front,105.8,0.9259971167707832,0.9875518672199172,0.9259971167707832,2954,ohc,five,136,mpfi,3.19,3.4,8.5,110,5500.0,19,25,18920.0,122,12.368421052631579,9.4,Low,False,True,False,True,True,False,True,False,True,False,True,False,True,False,True,False,True,False,True,False
8,1,158,audi,four,sedan,fwd,front,105.8,0.9259971167707832,0.9875518672199172,0.9259971167707832,3086,ohc,five,131,mpfi,3.13,3.4,8.3,140,5500.0,17,20,23875.0,158,13.823529411764707,11.75,Medium,False,True,False,True,False,True,False,True,False,True,False,True,False,True,False,True,False,True,False,True
9,0,122,audi,two,hatchback,4wd,front,99.5,0.8563190773666506,0.9391424619640388,0.8563190773666506,3053,ohc,five,131,mpfi,3.13,3.4,7.0,160,5500.0,16,22,13207.129353233831,122,14.6875,10.681818181818182,Medium,False,True,False,True,False,True,False,True,False,True,False,True,False,True,False,True,False,True,False,True
10,2,192,bmw,two,sedan,rwd,front,101.2,0.849591542527631,0.8962655601659751,0.849591542527631,2395,ohc,four,108,mpfi,3.5,2.8,8.8,101,5800.0,23,29,16430.0,192,10.217391304347826,8.10344827586207,Low,False,True,False,True,True,False,True,False,True,False,True,False,True,False,True,False,True,False,True,False
11,0,192,bmw,four,sedan,rwd,front,101.2,0.849591542527631,0.8962655601659751,0.849591542527631,2395,ohc,four,108,mpfi,3.5,2.8,8.8,101,5800.0,23,29,16925.0,192,10.217391304347826,8.10344827586207,Low,False,True,False,True,True,False,True,False,True,False,True,False,True,False,True,False,True,False,True,False
12,0,188,bmw,two,sedan,rwd,front,101.2,0.849591542527631,0.8962655601659751,0.849591542527631,2710,ohc,six,164,mpfi,3.31,3.19,9.0,121,4250.0,21,28,20970.0,188,11.19047619047619,8.392857142857142,Low,False,True,False,True,True,False,True,False,True,False,True,False,True,False,True,False,True,False,True,False
13,0,188,bmw,four,sedan,rwd,front,101.2,0.849591542527631,0.8962655601659751,0.849591542527631,2765,ohc,six,164,mpfi,3.31,3.19,9.0,121,4250.0,21,28,21105.0,188,11.19047619047619,8.392857142857142,Low,False,True,False,True,True,False,True,False,True,False,True,False,True,False,True,False,True,False,True,False
14,1,122,bmw,four,sedan,rwd,front,103.5,0.9082172032676598,0.9253112033195022,0.9082172032676598,3055,ohc,six,164,mpfi,3.31,3.19,9.0,121,4250.0,20,25,24565.0,122,11.75,9.4,Low,False,True,False,True,True,False,True,False,True,False,True,False,True,False,True,False,True,False,True,False
15,0,122,bmw,four,sedan,rwd,front,103.5,0.9082172032676598,0.9253112033195022,0.9082172032676598,3230,ohc,six,209,mpfi,3.62,3.39,8.0,182,5400.0,16,22,30760.0,122,14.6875,10.681818181818182,Medium,False,True,False,True,True,False,True,False,True,False,True,False,True,False,True,False,True,False,True,False
16,0,122,bmw,two,sedan,rwd,front,103.5,0.9312830370014417,0.9391424619640388,0.9312830370014417,3380,ohc,six,209,mpfi,3.62,3.39,8.0,182,5400.0,16,22,41315.0,122,14.6875,10.681818181818182,Medium,False,True,False,True,True,False,True,False,True,False,True,False,True,False,True,False,True,False,True,False
17,0,122,bmw,four,sedan,rwd,front,110.0,0.9466602594906295,0.9806362378976488,0.9466602594906295,3505,ohc,six,209,mpfi,3.62,3.39,8.0,182,5400.0,15,20,36880.0,122,15.666666666666666,11.75,Medium,False,True,False,True,True,False,True,False,True,False,True,False,True,False,True,False,True,False,True,False
18,2,121,chevrolet,two,hatchback,fwd,front,88.4,0.6780394041326285,0.8340248962655602,0.6780394041326285,1488,l,three,61,2bbl,2.91,3.03,9.5,48,5100.0,47,53,5151.0,121,5.0,4.433962264150943,Low,False,True,False,True,True,False,True,False,True,False,True,False,True,False,True,False,True,False,True,False
19,1,98,chevrolet,two,hatchback,fwd,front,94.5,0.7491590581451226,0.8796680497925312,0.7491590581451226,1874,ohc,four,90,2bbl,3.03,3.11,9.6,70,5400.0,38,43,6295.0,98,6.184210526315789,5.465116279069767,Low,False,True,False,True,True,False,True,False,True,False,True,False,True,False,True,False,True,False,True,False
20,0,81,chevrolet,four,sedan,fwd,front,94.5,0.7630946660259491,0.8796680497925312,0.7630946660259491,1909,ohc,four,90,2bbl,3.03,3.11,9.6,70,5400.0,38,43,6575.0,81,6.184210526315789,5.465116279069767,Low,False,True,False,True,True,False,True,False,True,False,True,False,True,False,True,False,True,False,True,False
21,1,118,dodge,two,hatchback,fwd,front,93.7,0.7558865929841423,0.8824343015214384,0.7558865929841423,1876,ohc,four,90,2bbl,2.97,3.23,9.41,68,5500.0,37,41,5572.0,118,6.351351351351352,5.7317073170731705,Low,False,True,False,True,True,False,True,False,True,False,True,False,True,False,True,False,True,False,True,False
22,1,118,dodge,two,hatchback,fwd,front,93.7,0.7558865929841423,0.8824343015214384,0.7558865929841423,1876,ohc,four,90,2bbl,2.97,3.23,9.4,68,5500.0,31,38,6377.0,118,7.580645161290323,6.184210526315789,Low,False,True,False,True,True,False,True,False,True,False,True,False,True,False,True,False,True,False,True,False
23,1,118,dodge,two,hatchback,fwd,front,93.7,0.7558865929841423,0.8824343015214384,0.7558865929841423,2128,ohc,four,98,mpfi,3.03,3.39,7.6,102,5500.0,24,30,7957.0,118,9.791666666666666,7.833333333333333,Low,False,True,False,True,False,True,False,True,False,True,False,True,False,True,False,True,False,True,False,True
24,1,148,dodge,four,hatchback,fwd,front,93.7,0.7558865929841423,0.8824343015214384,0.7558865929841423,1967,ohc,four,90,2bbl,2.97,3.23,9.4,68,5500.0,31,38,6229.0,148,7.580645161290323,6.184210526315789,Low,False,True,False,True,True,False,True,False,True,False,True,False,True,False,True,False,True,False,True,False
25,1,148,dodge,four,sedan,fwd,front,93.7,0.7558865929841423,0.8824343015214384,0.7558865929841423,1989,ohc,four,90,2bbl,2.97,3.23,9.4,68,5500.0,31,38,6692.0,148,7.580645161290323,6.184210526315789,Low,False,True,False,True,True,False,True,False,True,False,True,False,True,False,True,False,True,False,True,False
26,1,148,dodge,four,sedan,fwd,front,93.7,0.7558865929841423,0.8824343015214384,0.7558865929841423,1989,ohc,four,90,2bbl,2.97,3.23,9.4,68,5500.0,31,38,7609.0,148,7.580645161290323,6.184210526315789,Low,False,True,False,True,True,False,True,False,True,False,True,False,True,False,True,False,True,False,True,False
27,1,148,dodge,four,sedan,fwd,front,93.7,0.7558865929841423,0.8824343015214384,0.7558865929841423,2191,ohc,four,98,mpfi,3.03,3.39,7.6,102,5500.0,24,30,8558.0,148,9.791666666666666,7.833333333333333,Low,False,True,False,True,False,True,False,True,False,True,False,True,False,True,False,True,False,True,False,True
28,-1,110,dodge,four,wagon,fwd,front,103.3,0.8390197020663143,0.8934993084370677,0.8390197020663143,2535,ohc,four,122,2bbl,3.34,3.46,8.5,88,5000.0,24,30,8921.0,110,9.791666666666666,7.833333333333333,Low,False,True,False,True,True,False,True,False,True,False,True,False,True,False,True,False,True,False,True,False
29,3,145,dodge,two,hatchback,fwd,front,95.9,0.8322921672272945,0.91701244813278,0.8322921672272945,2811,ohc,four,156,mfi,3.6,3.9,7.0,145,5000.0,19,24,12964.0,145,12.368421052631579,9.791666666666666,Medium,False,True,False,True,False,True,False,True,False,True,False,True,False,True,False,True,False,True,False,True
30,2,137,honda,two,hatchback,fwd,front,86.6,0.6948582412301778,0.8838174273858921,0.6948582412301778,1713,ohc,four,92,1bbl,2.91,3.41,9.6,58,4800.0,49,54,6479.0,137,4.795918367346939,4.351851851851852,Low,False,True,False,True,True,False,True,False,True,False,True,False,True,False,True,False,True,False,True,False
31,2,137,honda,two,hatchback,fwd,front,86.6,0.6948582412301778,0.8838174273858921,0.6948582412301778,1819,ohc,four,92,1bbl,2.91,3.41,9.2,76,6000.0,31,38,6855.0,137,7.580645161290323,6.184210526315789,Low,False,True,False,True,True,False,True,False,True,False,True,False,True,False,True,False,True,False,True,False
32,1,101,honda,two,hatchback,fwd,front,93.7,0.7208073041806824,0.8852005532503459,0.7208073041806824,1837,ohc,four,79,1bbl,2.91,3.07,10.1,60,5500.0,38,42,5399.0,101,6.184210526315789,5.595238095238095,Low,False,True,False,True,True,False,True,False,True,False,True,False,True,False,True,False,True,False,True,False
33,1,101,honda,two,hatchback,fwd,front,93.7,0.7208073041806824,0.8852005532503459,0.7208073041806824,1940,ohc,four,92,1bbl,2.91,3.41,9.2,76,6000.0,30,34,6529.0,101,7.833333333333333,6.911764705882353,Low,False,True,False,True,True,False,True,False,True,False,True,False,True,False,True,False,True,False,True,False
34,1,101,honda,two,hatchback,fwd,front,93.7,0.7208073041806824,0.8852005532503459,0.7208073041806824,1956,ohc,four,92,1bbl,2.91,3.41,9.2,76,6000.0,30,34,7129.0,101,7.833333333333333,6.911764705882353,Low,False,True,False,True,True,False,True,False,True,False,True,False,True,False,True,False,True,False,True,False
35,0,110,honda,four,sedan,fwd,front,96.5,0.7851994233541567,0.8852005532503459,0.7851994233541567,2010,ohc,four,92,1bbl,2.91,3.41,9.2,76,6000.0,30,34,7295.0,110,7.833333333333333,6.911764705882353,Low,False,True,False,True,True,False,True,False,True,False,True,False,True,False,True,False,True,False,True,False
36,0,78,honda,four,wagon,fwd,front,96.5,0.754925516578568,0.8838174273858921,0.754925516578568,2024,ohc,four,92,1bbl,2.92,3.41,9.2,76,6000.0,30,34,7295.0,78,7.833333333333333,6.911764705882353,Low,False,True,False,True,True,False,True,False,True,False,True,False,True,False,True,False,True,False,True,False
37,0,106,honda,two,hatchback,fwd,front,96.5,0.8049014896684287,0.9017980636237899,0.8049014896684287,2236,ohc,four,110,1bbl,3.15,3.58,9.0,86,5800.0,27,33,7895.0,106,8.703703703703704,7.121212121212121,Low,False,True,False,True,True,False,True,False,True,False,True,False,True,False,True,False,True,False,True,False
38,0,106,honda,two,hatchback,fwd,front,96.5,0.8049014896684287,0.9017980636237899,0.8049014896684287,2289,ohc,four,110,1bbl,3.15,3.58,9.0,86,5800.0,27,33,9095.0,106,8.703703703703704,7.121212121212121,Low,False,True,False,True,True,False,True,False,True,False,True,False,True,False,True,False,True,False,True,False
39,0,85,honda,four,sedan,fwd,front,96.5,0.8428640076886112,0.9017980636237899,0.8428640076886112,2304,ohc,four,110,1bbl,3.15,3.58,9.0,86,5800.0,27,33,8845.0,85,8.703703703703704,7.121212121212121,Low,False,True,False,True,True,False,True,False,True,False,True,False,True,False,True,False,True,False,True,False
40,0,85,honda,four,sedan,fwd,front,96.5,0.8428640076886112,0.8644536652835408,0.8428640076886112,2372,ohc,four,110,1bbl,3.15,3.58,9.0,86,5800.0,27,33,10295.0,85,8.703703703703704,7.121212121212121,Low,False,True,False,True,True,False,True,False,True,False,True,False,True,False,True,False,True,False,True,False
41,0,85,honda,four,sedan,fwd,front,96.5,0.8428640076886112,0.9017980636237899,0.8428640076886112,2465,ohc,four,110,mpfi,3.15,3.58,9.0,101,5800.0,24,28,12945.0,85,9.791666666666666,8.392857142857142,Low,False,True,False,True,True,False,True,False,True,False,True,False,True,False,True,False,True,False,True,False
42,1,107,honda,two,sedan,fwd,front,96.5,0.8125901009130225,0.9128630705394192,0.8125901009130225,2293,ohc,four,110,2bbl,3.15,3.58,9.1,100,5500.0,25,31,10345.0,107,9.4,7.580645161290323,Low,False,True,False,True,True,False,True,False,True,False,True,False,True,False,True,False,True,False,True,False
43,0,122,isuzu,four,sedan,rwd,front,94.3,0.8202787121576165,0.8547717842323651,0.8202787121576165,2337,ohc,four,111,2bbl,3.31,3.23,8.5,78,4800.0,24,29,6785.0,122,9.791666666666666,8.10344827586207,Low,False,True,False,True,True,False,True,False,True,False,True,False,True,False,True,False,True,False,True,False
44,1,122,isuzu,two,sedan,fwd,front,94.5,0.7491590581451226,0.8796680497925312,0.7491590581451226,1874,ohc,four,90,2bbl,3.03,3.11,9.6,70,5400.0,38,43,13207.129353233831,122,6.184210526315789,5.465116279069767,Low,False,True,False,True,True,False,True,False,True,False,True,False,True,False,True,False,True,False,True,False
45,0,122,isuzu,four,sedan,fwd,front,94.5,0.7491590581451226,0.8796680497925312,0.7491590581451226,1909,ohc,four,90,2bbl,3.03,3.11,9.6,70,5400.0,38,43,13207.129353233831,122,6.184210526315789,5.465116279069767,Low,False,True,False,True,True,False,True,False,True,False,True,False,True,False,True,False,True,False,True,False
46,2,122,isuzu,two,hatchback,rwd,front,96.0,0.8294089380105718,0.9017980636237899,0.8294089380105718,2734,ohc,four,119,spfi,3.43,3.23,9.2,90,5000.0,24,29,11048.0,122,9.791666666666666,8.10344827586207,Low,False,True,False,True,True,False,True,False,True,False,True,False,True,False,True,False,True,False,True,False
47,0,145,jaguar,four,sedan,rwd,front,113.0,0.9591542527630946,0.962655601659751,0.9591542527630946,4066,dohc,six,258,mpfi,3.63,4.17,8.1,176,4750.0,15,19,32250.0,145,15.666666666666666,12.368421052631579,Medium,False,True,False,True,True,False,True,False,True,False,True,False,True,False,True,False,True,False,True,False
48,0,122,jaguar,four,sedan,rwd,front,113.0,0.9591542527630946,0.962655601659751,0.9591542527630946,4066,dohc,six,258,mpfi,3.63,4.17,8.1,176,4750.0,15,19,35550.0,122,15.666666666666666,12.368421052631579,Medium,False,True,False,True,True,False,True,False,True,False,True,False,True,False,True,False,True,False,True,False
49,0,122,jaguar,two,sedan,rwd,front,102.0,0.921191734742912,0.9764868603042877,0.921191734742912,3950,ohcv,twelve,326,mpfi,3.54,2.76,11.5,262,5000.0,13,17,36000.0,122,18.076923076923077,13.823529411764707,High,False,True,False,True,True,False,True,False,True,False,True,False,True,False,True,False,True,False,True,False
50,1,104,mazda,two,hatchback,fwd,front,93.1,0.7645362806343105,0.8879668049792532,0.7645362806343105,1890,ohc,four,91,2bbl,3.03,3.15,9.0,68,5000.0,30,31,5195.0,104,7.833333333333333,7.580645161290323,Low,False,True,False,True,True,False,True,False,True,False,True,False,True,False,True,False,True,False,True,False
51,1,104,mazda,two,hatchback,fwd,front,93.1,0.7645362806343105,0.8879668049792532,0.7645362806343105,1900,ohc,four,91,2bbl,3.03,3.15,9.0,68,5000.0,31,38,6095.0,104,7.580645161290323,6.184210526315789,Low,False,True,False,True,True,False,True,False,True,False,True,False,True,False,True,False,True,False,True,False
52,1,104,mazda,two,hatchback,fwd,front,93.1,0.7645362806343105,0.8879668049792532,0.7645362806343105,1905,ohc,four,91,2bbl,3.03,3.15,9.0,68,5000.0,31,38,6795.0,104,7.580645161290323,6.184210526315789,Low,False,True,False,True,True,False,True,False,True,False,True,False,True,False,True,False,True,False,True,False
53,1,113,mazda,four,sedan,fwd,front,93.1,0.8015377222489188,0.8879668049792532,0.8015377222489188,1945,ohc,four,91,2bbl,3.03,3.15,9.0,68,5000.0,31,38,6695.0,113,7.580645161290323,6.184210526315789,Low,False,True,False,True,True,False,True,False,True,False,True,False,True,False,True,False,True,False,True,False
54,1,113,mazda,four,sedan,fwd,front,93.1,0.8015377222489188,0.8879668049792532,0.8015377222489188,1950,ohc,four,91,2bbl,3.08,3.15,9.0,68,5000.0,31,38,7395.0,113,7.580645161290323,6.184210526315789,Low,False,True,False,True,True,False,True,False,True,False,True,False,True,False,True,False,True,False,True,False
55,3,150,mazda,two,hatchback,rwd,front,95.3,0.8121095627102355,0.9087136929460582,0.8121095627102355,2380,rotor,two,70,4bbl,3.3297512437810943,3.255422885572139,9.4,101,6000.0,17,23,10945.0,150,13.823529411764707,10.217391304347826,Low,False,True,False,True,True,False,True,False,True,False,True,False,True,False,True,False,True,False,True,False
56,3,150,mazda,two,hatchback,rwd,front,95.3,0.8121095627102355,0.9087136929460582,0.8121095627102355,2380,rotor,two,70,4bbl,3.3297512437810943,3.255422885572139,9.4,101,6000.0,17,23,11845.0,150,13.823529411764707,10.217391304347826,Low,False,True,False,True,True,False,True,False,True,False,True,False,True,False,True,False,True,False,True,False
57,3,150,mazda,two,hatchback,rwd,front,95.3,0.8121095627102355,0.9087136929460582,0.8121095627102355,2385,rotor,two,70,4bbl,3.3297512437810943,3.255422885572139,9.4,101,6000.0,17,23,13645.0,150,13.823529411764707,10.217391304347826,Low,False,True,False,True,True,False,True,False,True,False,True,False,True,False,True,False,True,False,True,False
58,3,150,mazda,two,hatchback,rwd,front,95.3,0.8121095627102355,0.9087136929460582,0.8121095627102355,2500,rotor,two,80,mpfi,3.3297512437810943,3.255422885572139,9.4,135,6000.0,16,23,15645.0,150,14.6875,10.217391304347826,Medium,False,True,False,True,True,False,True,False,True,False,True,False,True,False,True,False,True,False,True,False
59,1,129,mazda,two,hatchback,fwd,front,98.8,0.8543969245555022,0.9197786998616875,0.8543969245555022,2385,ohc,four,122,2bbl,3.39,3.39,8.6,84,4800.0,26,32,8845.0,129,9.038461538461538,7.34375,Low,False,True,False,True,True,False,True,False,True,False,True,False,True,False,True,False,True,False,True,False
60,0,115,mazda,four,sedan,fwd,front,98.8,0.8543969245555022,0.9197786998616875,0.8543969245555022,2410,ohc,four,122,2bbl,3.39,3.39,8.6,84,4800.0,26,32,8495.0,115,9.038461538461538,7.34375,Low,False,True,False,True,True,False,True,False,True,False,True,False,True,False,True,False,True,False,True,False
61,1,129,mazda,two,hatchback,fwd,front,98.8,0.8543969245555022,0.9197786998616875,0.8543969245555022,2385,ohc,four,122,2bbl,3.39,3.39,8.6,84,4800.0,26,32,10595.0,129,9.038461538461538,7.34375,Low,False,True,False,True,True,False,True,False,True,False,True,False,True,False,True,False,True,False,True,False
62,0,115,mazda,four,sedan,fwd,front,98.8,0.8543969245555022,0.9197786998616875,0.8543969245555022,2410,ohc,four,122,2bbl,3.39,3.39,8.6,84,4800.0,26,32,10245.0,115,9.038461538461538,7.34375,Low,False,True,False,True,True,False,True,False,True,False,True,False,True,False,True,False,True,False,True,False
63,0,122,mazda,four,sedan,fwd,front,98.8,0.8543969245555022,0.9197786998616875,0.8543969245555022,2443,ohc,four,122,idi,3.39,3.39,22.7,64,4650.0,36,42,10795.0,122,6.527777777777778,5.595238095238095,Low,True,False,True,False,True,False,True,False,True,False,True,False,True,False,True,False,True,False,True,False
64,0,115,mazda,four,hatchback,fwd,front,98.8,0.8543969245555022,0.9197786998616875,0.8543969245555022,2425,ohc,four,122,2bbl,3.39,3.39,8.6,84,4800.0,26,32,11245.0,115,9.038461538461538,7.34375,Low,False,True,False,True,True,False,True,False,True,False,True,False,True,False,True,False,True,False,True,False
65,0,118,mazda,four,sedan,rwd,front,104.9,0.8409418548774628,0.9142461964038727,0.8409418548774628,2670,ohc,four,140,mpfi,3.76,3.16,8.0,120,5000.0,19,27,18280.0,118,12.368421052631579,8.703703703703704,Low,False,True,False,True,True,False,True,False,True,False,True,False,True,False,True,False,True,False,True,False
66,0,122,mazda,four,sedan,rwd,front,104.9,0.8409418548774628,0.9142461964038727,0.8409418548774628,2700,ohc,four,134,idi,3.43,3.64,22.0,72,4200.0,31,39,18344.0,122,7.580645161290323,6.0256410256410255,Low,True,False,True,False,True,False,True,False,True,False,True,False,True,False,True,False,True,False,True,False
67,-1,93,mercedes-benz,four,sedan,rwd,front,110.0,0.9173474291206152,0.9723374827109267,0.9173474291206152,3515,ohc,five,183,idi,3.58,3.64,21.5,123,4350.0,22,25,25552.0,93,10.681818181818182,9.4,Low,True,False,True,False,False,True,False,True,False,True,False,True,False,True,False,True,False,True,False,True
68,-1,93,mercedes-benz,four,wagon,rwd,front,110.0,0.9173474291206152,0.9723374827109267,0.9173474291206152,3750,ohc,five,183,idi,3.58,3.64,21.5,123,4350.0,22,25,28248.0,93,10.681818181818182,9.4,Low,True,False,True,False,False,True,False,True,False,True,False,True,False,True,False,True,False,True,False,True
69,0,93,mercedes-benz,two,hardtop,rwd,front,106.7,0.9010091302258529,0.9723374827109267,0.9010091302258529,3495,ohc,five,183,idi,3.58,3.64,21.5,123,4350.0,22,25,28176.0,93,10.681818181818182,9.4,Low,True,False,True,False,False,True,False,True,False,True,False,True,False,True,False,True,False,True,False,True
70,-1,93,mercedes-benz,four,sedan,rwd,front,115.6,0.9735703988467083,0.991701244813278,0.9735703988467083,3770,ohc,five,183,idi,3.58,3.64,21.5,123,4350.0,22,25,31600.0,93,10.681818181818182,9.4,Low,True,False,True,False,False,True,False,True,False,True,False,True,False,True,False,True,False,True,False,True
71,-1,122,mercedes-benz,four,sedan,rwd,front,115.6,0.9735703988467083,0.991701244813278,0.9735703988467083,3740,ohcv,eight,234,mpfi,3.46,3.1,8.3,155,4750.0,16,18,34184.0,122,14.6875,13.055555555555555,Medium,False,True,False,True,True,False,True,False,True,False,True,False,True,False,True,False,True,False,True,False
72,3,142,mercedes-benz,two,convertible,rwd,front,96.6,0.8664103796251803,0.9751037344398341,0.8664103796251803,3685,ohcv,eight,234,mpfi,3.46,3.1,8.3,155,4750.0,16,18,35056.0,142,14.6875,13.055555555555555,Medium,False,True,False,True,True,False,True,False,True,False,True,False,True,False,True,False,True,False,True,False
73,0,122,mercedes-benz,four,sedan,rwd,front,120.9,1.0,0.991701244813278,1.0,3900,ohcv,eight,308,mpfi,3.8,3.35,8.0,184,4500.0,14,16,40960.0,122,16.785714285714285,14.6875,Medium,False,True,False,True,True,False,True,False,True,False,True,False,True,False,True,False,True,False,True,False
74,1,122,mercedes-benz,two,hardtop,rwd,front,112.0,0.9572320999519461,0.995850622406639,0.9572320999519461,3715,ohcv,eight,304,mpfi,3.8,3.35,8.0,184,4500.0,14,16,45400.0,122,16.785714285714285,14.6875,Medium,False,True,False,True,True,False,True,False,True,False,True,False,True,False,True,False,True,False,True,False
75,1,122,mercury,two,hatchback,rwd,front,102.7,0.857280153772225,0.9405255878284924,0.857280153772225,2910,ohc,four,140,mpfi,3.78,3.12,8.0,175,5000.0,19,24,16503.0,122,12.368421052631579,9.791666666666666,Medium,False,True,False,True,False,True,False,True,False,True,False,True,False,True,False,True,False,True,False,True
76,2,161,mitsubishi,two,hatchback,fwd,front,93.7,0.7558865929841423,0.8907330567081606,0.7558865929841423,1918,ohc,four,92,2bbl,2.97,3.23,9.4,68,5500.0,37,41,5389.0,161,6.351351351351352,5.7317073170731705,Low,False,True,False,True,True,False,True,False,True,False,True,False,True,False,True,False,True,False,True,False
77,2,161,mitsubishi,two,hatchback,fwd,front,93.7,0.7558865929841423,0.8907330567081606,0.7558865929841423,1944,ohc,four,92,2bbl,2.97,3.23,9.4,68,5500.0,31,38,6189.0,161,7.580645161290323,6.184210526315789,Low,False,True,False,True,True,False,True,False,True,False,True,False,True,False,True,False,True,False,True,False
78,2,161,mitsubishi,two,hatchback,fwd,front,93.7,0.7558865929841423,0.8907330567081606,0.7558865929841423,2004,ohc,four,92,2bbl,2.97,3.23,9.4,68,5500.0,31,38,6669.0,161,7.580645161290323,6.184210526315789,Low,False,True,False,True,True,False,True,False,True,False,True,False,True,False,True,False,True,False,True,False
79,1,161,mitsubishi,two,hatchback,fwd,front,93.0,0.7558865929841423,0.8824343015214384,0.7558865929841423,2145,ohc,four,98,spdi,3.03,3.39,7.6,102,5500.0,24,30,7689.0,161,9.791666666666666,7.833333333333333,Low,False,True,False,True,False,True,False,True,False,True,False,True,False,True,False,True,False,True,False,True
80,3,153,mitsubishi,two,hatchback,fwd,front,96.3,0.8313310908217203,0.9045643153526972,0.8313310908217203,2370,ohc,four,110,spdi,3.17,3.46,7.5,116,5500.0,23,30,9959.0,153,10.217391304347826,7.833333333333333,Low,False,True,False,True,False,True,False,True,False,True,False,True,False,True,False,True,False,True,False,True
81,3,153,mitsubishi,two,hatchback,fwd,front,96.3,0.8313310908217203,0.9045643153526972,0.8313310908217203,2328,ohc,four,122,2bbl,3.35,3.46,8.5,88,5000.0,25,32,8499.0,153,9.4,7.34375,Low,False,True,False,True,True,False,True,False,True,False,True,False,True,False,True,False,True,False,True,False
82,3,122,mitsubishi,two,hatchback,fwd,front,95.9,0.8322921672272945,0.91701244813278,0.8322921672272945,2833,ohc,four,156,spdi,3.58,3.86,7.0,145,5000.0,19,24,12629.0,122,12.368421052631579,9.791666666666666,Medium,False,True,False,True,False,True,False,True,False,True,False,True,False,True,False,True,False,True,False,True
83,3,122,mitsubishi,two,hatchback,fwd,front,95.9,0.8322921672272945,0.91701244813278,0.8322921672272945,2921,ohc,four,156,spdi,3.59,3.86,7.0,145,5000.0,19,24,14869.0,122,12.368421052631579,9.791666666666666,Medium,False,True,False,True,False,True,False,True,False,True,False,True,False,True,False,True,False,True,False,True
84,3,122,mitsubishi,two,hatchback,fwd,front,95.9,0.8322921672272945,0.91701244813278,0.8322921672272945,2926,ohc,four,156,spdi,3.59,3.86,7.0,145,5000.0,19,24,14489.0,122,12.368421052631579,9.791666666666666,Medium,False,True,False,True,False,True,False,True,False,True,False,True,False,True,False,True,False,True,False,True
85,1,125,mitsubishi,four,sedan,fwd,front,96.3,0.8284478616049976,0.9045643153526972,0.8284478616049976,2365,ohc,four,122,2bbl,3.35,3.46,8.5,88,5000.0,25,32,6989.0,125,9.4,7.34375,Low,False,True,False,True,True,False,True,False,True,False,True,False,True,False,True,False,True,False,True,False
86,1,125,mitsubishi,four,sedan,fwd,front,96.3,0.8284478616049976,0.9045643153526972,0.8284478616049976,2405,ohc,four,122,2bbl,3.35,3.46,8.5,88,5000.0,25,32,8189.0,125,9.4,7.34375,Low,False,True,False,True,True,False,True,False,True,False,True,False,True,False,True,False,True,False,True,False
87,1,125,mitsubishi,four,sedan,fwd,front,96.3,0.8284478616049976,0.9045643153526972,0.8284478616049976,2403,ohc,four,110,spdi,3.17,3.46,7.5,116,5500.0,23,30,9279.0,125,10.217391304347826,7.833333333333333,Low,False,True,False,True,False,True,False,True,False,True,False,True,False,True,False,True,False,True,False,True
88,-1,137,mitsubishi,four,sedan,fwd,front,96.3,0.8284478616049976,0.9045643153526972,0.8284478616049976,2403,ohc,four,110,spdi,3.17,3.46,7.5,116,5500.0,23,30,9279.0,137,10.217391304347826,7.833333333333333,Low,False,True,False,True,True,False,True,False,True,False,True,False,True,False,True,False,True,False,True,False
89,1,128,nissan,two,sedan,fwd,front,94.5,0.794329649207112,0.8824343015214384,0.794329649207112,1889,ohc,four,97,2bbl,3.15,3.29,9.4,69,5200.0,31,37,5499.0,128,7.580645161290323,6.351351351351352,Low,False,True,False,True,True,False,True,False,True,False,True,False,True,False,True,False,True,False,True,False
90,1,128,nissan,two,sedan,fwd,front,94.5,0.794329649207112,0.8824343015214384,0.794329649207112,2017,ohc,four,103,idi,2.99,3.47,21.9,55,4800.0,45,50,7099.0,128,5.222222222222222,4.7,Low,True,False,True,False,True,False,True,False,True,False,True,False,True,False,True,False,True,False,True,False
91,1,128,nissan,two,sedan,fwd,front,94.5,0.794329649207112,0.8824343015214384,0.794329649207112,1918,ohc,four,97,2bbl,3.15,3.29,9.4,69,5200.0,31,37,6649.0,128,7.580645161290323,6.351351351351352,Low,False,True,False,True,True,False,True,False,True,False,True,False,True,False,True,False,True,False,True,False
92,1,122,nissan,four,sedan,fwd,front,94.5,0.794329649207112,0.8824343015214384,0.794329649207112,1938,ohc,four,97,2bbl,3.15,3.29,9.4,69,5200.0,31,37,6849.0,122,7.580645161290323,6.351351351351352,Low,False,True,False,True,True,False,True,False,True,False,True,False,True,False,True,False,True,False,True,False
93,1,103,nissan,four,wagon,fwd,front,94.5,0.8178760211436809,0.8824343015214384,0.8178760211436809,2024,ohc,four,97,2bbl,3.15,3.29,9.4,69,5200.0,31,37,7349.0,103,7.580645161290323,6.351351351351352,Low,False,True,False,True,True,False,True,False,True,False,True,False,True,False,True,False,True,False,True,False
94,1,128,nissan,two,sedan,fwd,front,94.5,0.794329649207112,0.8824343015214384,0.794329649207112,1951,ohc,four,97,2bbl,3.15,3.29,9.4,69,5200.0,31,37,7299.0,128,7.580645161290323,6.351351351351352,Low,False,True,False,True,True,False,True,False,True,False,True,False,True,False,True,False,True,False,True,False
95,1,128,nissan,two,hatchback,fwd,front,94.5,0.7957712638154734,0.8824343015214384,0.7957712638154734,2028,ohc,four,97,2bbl,3.15,3.29,9.4,69,5200.0,31,37,7799.0,128,7.580645161290323,6.351351351351352,Low,False,True,False,True,True,False,True,False,True,False,True,False,True,False,True,False,True,False,True,False
96,1,122,nissan,four,sedan,fwd,front,94.5,0.794329649207112,0.8824343015214384,0.794329649207112,1971,ohc,four,97,2bbl,3.15,3.29,9.4,69,5200.0,31,37,7499.0,122,7.580645161290323,6.351351351351352,Low,False,True,False,True,True,False,True,False,True,False,True,False,True,False,True,False,True,False,True,False
97,1,103,nissan,four,wagon,fwd,front,94.5,0.8178760211436809,0.8824343015214384,0.8178760211436809,2037,ohc,four,97,2bbl,3.15,3.29,9.4,69,5200.0,31,37,7999.0,103,7.580645161290323,6.351351351351352,Low,False,True,False,True,True,False,True,False,True,False,True,False,True,False,True,False,True,False,True,False
98,2,168,nissan,two,hardtop,fwd,front,95.1,0.7803940413262855,0.8824343015214384,0.7803940413262855,2008,ohc,four,97,2bbl,3.15,3.29,9.4,69,5200.0,31,37,8249.0,168,7.580645161290323,6.351351351351352,Low,False,True,False,True,True,False,True,False,True,False,True,False,True,False,True,False,True,False,True,False
99,0,106,nissan,four,hatchback,fwd,front,97.2,0.8332532436328689,0.9017980636237899,0.8332532436328689,2324,ohc,four,120,2bbl,3.33,3.47,8.5,97,5200.0,27,34,8949.0,106,8.703703703703704,6.911764705882353,Low,False,True,False,True,True,False,True,False,True,False,True,False,True,False,True,False,True,False,True,False
100,0,106,nissan,four,sedan,fwd,front,97.2,0.8332532436328689,0.9017980636237899,0.8332532436328689,2302,ohc,four,120,2bbl,3.33,3.47,8.5,97,5200.0,27,34,9549.0,106,8.703703703703704,6.911764705882353,Low,False,True,False,True,True,False,True,False,True,False,True,False,True,False,True,False,True,False,True,False
101,0,128,nissan,four,sedan,fwd,front,100.4,0.8731379144641999,0.9197786998616875,0.8731379144641999,3095,ohcv,six,181,mpfi,3.43,3.27,9.0,152,5200.0,17,22,13499.0,128,13.823529411764707,10.681818181818182,Medium,False,True,False,True,True,False,True,False,True,False,True,False,True,False,True,False,True,False,True,False
102,0,108,nissan,four,wagon,fwd,front,100.4,0.8870735223450265,0.9197786998616875,0.8870735223450265,3296,ohcv,six,181,mpfi,3.43,3.27,9.0,152,5200.0,17,22,14399.0,108,13.823529411764707,10.681818181818182,Medium,False,True,False,True,True,False,True,False,True,False,True,False,True,False,True,False,True,False,True,False
103,0,108,nissan,four,sedan,fwd,front,100.4,0.8870735223450265,0.9197786998616875,0.8870735223450265,3060,ohcv,six,181,mpfi,3.43,3.27,9.0,152,5200.0,19,25,13499.0,108,12.368421052631579,9.4,Medium,False,True,False,True,True,False,True,False,True,False,True,False,True,False,True,False,True,False,True,False
104,3,194,nissan,two,hatchback,rwd,front,91.3,0.8202787121576165,0.9391424619640388,0.8202787121576165,3071,ohcv,six,181,mpfi,3.43,3.27,9.0,160,5200.0,19,25,17199.0,194,12.368421052631579,9.4,Medium,False,True,False,True,True,False,True,False,True,False,True,False,True,False,True,False,True,False,True,False
105,3,194,nissan,two,hatchback,rwd,front,91.3,0.8202787121576165,0.9391424619640388,0.8202787121576165,3139,ohcv,six,181,mpfi,3.43,3.27,7.8,200,5200.0,17,23,19699.0,194,13.823529411764707,10.217391304347826,Medium,False,True,False,True,False,True,False,True,False,True,False,True,False,True,False,True,False,True,False,True
106,1,231,nissan,two,hatchback,rwd,front,99.2,0.857760691975012,0.9391424619640388,0.857760691975012,3139,ohcv,six,181,mpfi,3.43,3.27,9.0,160,5200.0,19,25,18399.0,231,12.368421052631579,9.4,Medium,False,True,False,True,True,False,True,False,True,False,True,False,True,False,True,False,True,False,True,False
107,0,161,peugot,four,sedan,rwd,front,107.9,0.897164824603556,0.9460580912863071,0.897164824603556,3020,l,four,120,mpfi,3.46,3.19,8.4,97,5000.0,19,24,11900.0,161,12.368421052631579,9.791666666666666,Low,False,True,False,True,True,False,True,False,True,False,True,False,True,False,True,False,True,False,True,False
108,0,161,peugot,four,sedan,rwd,front,107.9,0.897164824603556,0.9460580912863071,0.897164824603556,3197,l,four,152,idi,3.7,3.52,21.0,95,4150.0,28,33,13200.0,161,8.392857142857142,7.121212121212121,Low,True,False,True,False,False,True,False,True,False,True,False,True,False,True,False,True,False,True,False,True
109,0,122,peugot,four,wagon,rwd,front,114.2,0.9557904853435849,0.9460580912863071,0.9557904853435849,3230,l,four,120,mpfi,3.46,3.19,8.4,97,5000.0,19,24,12440.0,122,12.368421052631579,9.791666666666666,Low,False,True,False,True,True,False,True,False,True,False,True,False,True,False,True,False,True,False,True,False
110,0,122,peugot,four,wagon,rwd,front,114.2,0.9557904853435849,0.9460580912863071,0.9557904853435849,3430,l,four,152,idi,3.7,3.52,21.0,95,4150.0,25,25,13860.0,122,9.4,9.4,Low,True,False,True,False,False,True,False,True,False,True,False,True,False,True,False,True,False,True,False,True
111,0,161,peugot,four,sedan,rwd,front,107.9,0.897164824603556,0.9460580912863071,0.897164824603556,3075,l,four,120,mpfi,3.46,2.19,8.4,95,5000.0,19,24,15580.0,161,12.368421052631579,9.791666666666666,Low,False,True,False,True,True,False,True,False,True,False,True,False,True,False,True,False,True,False,True,False
112,0,161,peugot,four,sedan,rwd,front,107.9,0.897164824603556,0.9460580912863071,0.897164824603556,3252,l,four,152,idi,3.7,3.52,21.0,95,4150.0,28,33,16900.0,161,8.392857142857142,7.121212121212121,Low,True,False,True,False,False,True,False,True,False,True,False,True,False,True,False,True,False,True,False,True
113,0,122,peugot,four,wagon,rwd,front,114.2,0.9557904853435849,0.9460580912863071,0.9557904853435849,3285,l,four,120,mpfi,3.46,2.19,8.4,95,5000.0,19,24,16695.0,122,12.368421052631579,9.791666666666666,Low,False,True,False,True,True,False,True,False,True,False,True,False,True,False,True,False,True,False,True,False
114,0,122,peugot,four,wagon,rwd,front,114.2,0.9557904853435849,0.9460580912863071,0.9557904853435849,3485,l,four,152,idi,3.7,3.52,21.0,95,4150.0,25,25,17075.0,122,9.4,9.4,Low,True,False,True,False,False,True,False,True,False,True,False,True,False,True,False,True,False,True,False,True
115,0,161,peugot,four,sedan,rwd,front,107.9,0.897164824603556,0.9460580912863071,0.897164824603556,3075,l,four,120,mpfi,3.46,3.19,8.4,97,5000.0,19,24,16630.0,161,12.368421052631579,9.791666666666666,Low,False,True,False,True,True,False,True,False,True,False,True,False,True,False,True,False,True,False,True,False
116,0,161,peugot,four,sedan,rwd,front,107.9,0.897164824603556,0.9460580912863071,0.897164824603556,3252,l,four,152,idi,3.7,3.52,21.0,95,4150.0,28,33,17950.0,161,8.392857142857142,7.121212121212121,Low,True,False,True,False,False,True,False,True,False,True,False,True,False,True,False,True,False,True,False,True
117,0,161,peugot,four,sedan,rwd,front,108.0,0.897164824603556,0.9446749654218534,0.897164824603556,3130,l,four,134,mpfi,3.61,3.21,7.0,142,5600.0,18,24,18150.0,161,13.055555555555555,9.791666666666666,Medium,False,True,False,True,False,True,False,True,False,True,False,True,False,True,False,True,False,True,False,True
118,1,119,plymouth,two,hatchback,fwd,front,93.7,0.7558865929841423,0.8824343015214384,0.7558865929841423,1918,ohc,four,90,2bbl,2.97,3.23,9.4,68,5500.0,37,41,5572.0,119,6.351351351351352,5.7317073170731705,Low,False,True,False,True,True,False,True,False,True,False,True,False,True,False,True,False,True,False,True,False
119,1,119,plymouth,two,hatchback,fwd,front,93.7,0.7558865929841423,0.8824343015214384,0.7558865929841423,2128,ohc,four,98,spdi,3.03,3.39,7.6,102,5500.0,24,30,7957.0,119,9.791666666666666,7.833333333333333,Low,False,True,False,True,False,True,False,True,False,True,False,True,False,True,False,True,False,True,False,True
120,1,154,plymouth,four,hatchback,fwd,front,93.7,0.7558865929841423,0.8824343015214384,0.7558865929841423,1967,ohc,four,90,2bbl,2.97,3.23,9.4,68,5500.0,31,38,6229.0,154,7.580645161290323,6.184210526315789,Low,False,True,False,True,True,False,True,False,True,False,True,False,True,False,True,False,True,False,True,False
121,1,154,plymouth,four,sedan,fwd,front,93.7,0.8039404132628545,0.8824343015214384,0.8039404132628545,1989,ohc,four,90,2bbl,2.97,3.23,9.4,68,5500.0,31,38,6692.0,154,7.580645161290323,6.184210526315789,Low,False,True,False,True,True,False,True,False,True,False,True,False,True,False,True,False,True,False,True,False
122,1,154,plymouth,four,sedan,fwd,front,93.7,0.8039404132628545,0.8824343015214384,0.8039404132628545,2191,ohc,four,98,2bbl,2.97,3.23,9.4,68,5500.0,31,38,7609.0,154,7.580645161290323,6.184210526315789,Low,False,True,False,True,True,False,True,False,True,False,True,False,True,False,True,False,True,False,True,False
123,-1,74,plymouth,four,wagon,fwd,front,103.3,0.8390197020663143,0.8934993084370677,0.8390197020663143,2535,ohc,four,122,2bbl,3.35,3.46,8.5,88,5000.0,24,30,8921.0,74,9.791666666666666,7.833333333333333,Low,False,True,False,True,True,False,True,False,True,False,True,False,True,False,True,False,True,False,True,False
124,3,122,plymouth,two,hatchback,rwd,front,95.9,0.8322921672272945,0.91701244813278,0.8322921672272945,2818,ohc,four,156,spdi,3.59,3.86,7.0,145,5000.0,19,24,12764.0,122,12.368421052631579,9.791666666666666,Medium,False,True,False,True,False,True,False,True,False,True,False,True,False,True,False,True,False,True,False,True
125,3,186,porsche,two,hatchback,rwd,front,94.5,0.8116290245074483,0.9446749654218534,0.8116290245074483,2778,ohc,four,151,mpfi,3.94,3.11,9.5,143,5500.0,19,27,22018.0,186,12.368421052631579,8.703703703703704,Medium,False,True,False,True,True,False,True,False,True,False,True,False,True,False,True,False,True,False,True,False
126,3,122,porsche,two,hardtop,rwd,rear,89.5,0.8116290245074483,0.8990318118948825,0.8116290245074483,2756,ohcf,six,194,mpfi,3.74,2.9,9.5,207,5900.0,17,25,32528.0,122,13.823529411764707,9.4,Medium,False,True,False,True,True,False,True,False,True,False,True,False,True,False,True,False,True,False,True,False
127,3,122,porsche,two,hardtop,rwd,rear,89.5,0.8116290245074483,0.8990318118948825,0.8116290245074483,2756,ohcf,six,194,mpfi,3.74,2.9,9.5,207,5900.0,17,25,34028.0,122,13.823529411764707,9.4,Medium,False,True,False,True,True,False,True,False,True,False,True,False,True,False,True,False,True,False,True,False
128,3,122,porsche,two,convertible,rwd,rear,89.5,0.8116290245074483,0.8990318118948825,0.8116290245074483,2800,ohcf,six,194,mpfi,3.74,2.9,9.5,207,5900.0,17,25,37028.0,122,13.823529411764707,9.4,Medium,False,True,False,True,True,False,True,False,True,False,True,False,True,False,True,False,True,False,True,False
129,1,122,porsche,two,hatchback,rwd,front,98.4,0.8443056222969726,1.0,0.8443056222969726,3366,dohcv,eight,203,mpfi,3.94,3.11,10.0,288,5750.0,17,28,13207.129353233831,122,13.823529411764707,8.392857142857142,High,False,True,False,True,True,False,True,False,True,False,True,False,True,False,True,False,True,False,True,False
130,0,122,renault,four,wagon,fwd,front,96.1,0.8721768380586257,0.9197786998616875,0.8721768380586257,2579,ohc,four,132,mpfi,3.46,3.9,8.7,104,5125.369458128079,23,31,9295.0,122,10.217391304347826,7.580645161290323,Low,False,True,False,True,True,False,True,False,True,False,True,False,True,False,True,False,True,False,True,False
131,2,122,renault,two,hatchback,fwd,front,96.1,0.849591542527631,0.921161825726141,0.849591542527631,2460,ohc,four,132,mpfi,3.46,3.9,8.7,104,5125.369458128079,23,31,9895.0,122,10.217391304347826,7.580645161290323,Low,False,True,False,True,True,False,True,False,True,False,True,False,True,False,True,False,True,False,True,False
132,3,150,saab,two,hatchback,fwd,front,99.1,0.8966842864007688,0.9197786998616875,0.8966842864007688,2658,ohc,four,121,mpfi,3.54,3.07,9.31,110,5250.0,21,28,11850.0,150,11.19047619047619,8.392857142857142,Low,False,True,False,True,True,False,True,False,True,False,True,False,True,False,True,False,True,False,True,False
133,2,104,saab,four,sedan,fwd,front,99.1,0.8966842864007688,0.9197786998616875,0.8966842864007688,2695,ohc,four,121,mpfi,3.54,3.07,9.3,110,5250.0,21,28,12170.0,104,11.19047619047619,8.392857142857142,Low,False,True,False,True,True,False,True,False,True,False,True,False,True,False,True,False,True,False,True,False
134,3,150,saab,two,hatchback,fwd,front,99.1,0.8966842864007688,0.9197786998616875,0.8966842864007688,2707,ohc,four,121,mpfi,2.54,2.07,9.3,110,5250.0,21,28,15040.0,150,11.19047619047619,8.392857142857142,Low,False,True,False,True,True,False,True,False,True,False,True,False,True,False,True,False,True,False,True,False
135,2,104,saab,four,sedan,fwd,front,99.1,0.8966842864007688,0.9197786998616875,0.8966842864007688,2758,ohc,four,121,mpfi,3.54,3.07,9.3,110,5250.0,21,28,15510.0,104,11.19047619047619,8.392857142857142,Low,False,True,False,True,True,False,True,False,True,False,True,False,True,False,True,False,True,False,True,False
136,3,150,saab,two,hatchback,fwd,front,99.1,0.8966842864007688,0.9197786998616875,0.8966842864007688,2808,dohc,four,121,mpfi,3.54,3.07,9.0,160,5500.0,19,26,18150.0,150,12.368421052631579,9.038461538461538,Medium,False,True,False,True,False,True,False,True,False,True,False,True,False,True,False,True,False,True,False,True
137,2,104,saab,four,sedan,fwd,front,99.1,0.8966842864007688,0.9197786998616875,0.8966842864007688,2847,dohc,four,121,mpfi,3.54,3.07,9.0,160,5500.0,19,26,18620.0,104,12.368421052631579,9.038461538461538,Medium,False,True,False,True,False,True,False,True,False,True,False,True,False,True,False,True,False,True,False,True
138,2,83,subaru,two,hatchback,fwd,front,93.7,0.7539644401729938,0.8769017980636238,0.7539644401729938,2050,ohcf,four,97,2bbl,3.62,2.36,9.0,69,4900.0,31,36,5118.0,83,7.580645161290323,6.527777777777778,Low,False,True,False,True,True,False,True,False,True,False,True,False,True,False,True,False,True,False,True,False
139,2,83,subaru,two,hatchback,fwd,front,93.7,0.758769822200865,0.8796680497925312,0.758769822200865,2120,ohcf,four,108,2bbl,3.62,2.64,8.7,73,4400.0,26,31,7053.0,83,9.038461538461538,7.580645161290323,Low,False,True,False,True,True,False,True,False,True,False,True,False,True,False,True,False,True,False,True,False
140,2,83,subaru,two,hatchback,4wd,front,93.3,0.7558865929841423,0.8824343015214384,0.7558865929841423,2240,ohcf,four,108,2bbl,3.62,2.64,8.7,73,4400.0,26,31,7603.0,83,9.038461538461538,7.580645161290323,Low,False,True,False,True,True,False,True,False,True,False,True,False,True,False,True,False,True,False,True,False
141,0,102,subaru,four,sedan,fwd,front,97.2,0.8265257087938491,0.9045643153526972,0.8265257087938491,2145,ohcf,four,108,2bbl,3.62,2.64,9.5,82,4800.0,32,37,7126.0,102,7.34375,6.351351351351352,Low,False,True,False,True,True,False,True,False,True,False,True,False,True,False,True,False,True,False,True,False
142,0,102,subaru,four,sedan,fwd,front,97.2,0.8265257087938491,0.9045643153526972,0.8265257087938491,2190,ohcf,four,108,2bbl,3.62,2.64,9.5,82,4400.0,28,33,7775.0,102,8.392857142857142,7.121212121212121,Low,False,True,False,True,True,False,True,False,True,False,True,False,True,False,True,False,True,False,True,False
143,0,102,subaru,four,sedan,fwd,front,97.2,0.8265257087938491,0.9045643153526972,0.8265257087938491,2340,ohcf,four,108,mpfi,3.62,2.64,9.0,94,5200.0,26,32,9960.0,102,9.038461538461538,7.34375,Low,False,True,False,True,True,False,True,False,True,False,True,False,True,False,True,False,True,False,True,False
144,0,102,subaru,four,sedan,4wd,front,97.0,0.8265257087938491,0.9045643153526972,0.8265257087938491,2385,ohcf,four,108,2bbl,3.62,2.64,9.0,82,4800.0,24,25,9233.0,102,9.791666666666666,9.4,Low,False,True,False,True,True,False,True,False,True,False,True,False,True,False,True,False,True,False,True,False
145,0,102,subaru,four,sedan,4wd,front,97.0,0.8265257087938491,0.9045643153526972,0.8265257087938491,2510,ohcf,four,108,mpfi,3.62,2.64,7.7,111,4800.0,24,29,11259.0,102,9.791666666666666,8.10344827586207,Low,False,True,False,True,False,True,False,True,False,True,False,True,False,True,False,True,False,True,False,True
146,0,89,subaru,four,wagon,fwd,front,97.0,0.8337337818356559,0.9045643153526972,0.8337337818356559,2290,ohcf,four,108,2bbl,3.62,2.64,9.0,82,4800.0,28,32,7463.0,89,8.392857142857142,7.34375,Low,False,True,False,True,True,False,True,False,True,False,True,False,True,False,True,False,True,False,True,False
147,0,89,subaru,four,wagon,fwd,front,97.0,0.8337337818356559,0.9045643153526972,0.8337337818356559,2455,ohcf,four,108,mpfi,3.62,2.64,9.0,94,5200.0,25,31,10198.0,89,9.4,7.580645161290323,Low,False,True,False,True,True,False,True,False,True,False,True,False,True,False,True,False,True,False,True,False
148,0,85,subaru,four,wagon,4wd,front,96.9,0.8342143200384431,0.9045643153526972,0.8342143200384431,2420,ohcf,four,108,2bbl,3.62,2.64,9.0,82,4800.0,23,29,8013.0,85,10.217391304347826,8.10344827586207,Low,False,True,False,True,True,False,True,False,True,False,True,False,True,False,True,False,True,False,True,False
149,0,85,subaru,four,wagon,4wd,front,96.9,0.8342143200384431,0.9045643153526972,0.8342143200384431,2650,ohcf,four,108,mpfi,3.62,2.64,7.7,111,4800.0,23,23,11694.0,85,10.217391304347826,10.217391304347826,Low,False,True,False,True,False,True,False,True,False,True,False,True,False,True,False,True,False,True,False,True
150,1,87,toyota,two,hatchback,fwd,front,95.7,0.762614127823162,0.8796680497925312,0.762614127823162,1985,ohc,four,92,2bbl,3.05,3.03,9.0,62,4800.0,35,39,5348.0,87,6.714285714285714,6.0256410256410255,Low,False,True,False,True,True,False,True,False,True,False,True,False,True,False,True,False,True,False,True,False
151,1,87,toyota,two,hatchback,fwd,front,95.7,0.762614127823162,0.8796680497925312,0.762614127823162,2040,ohc,four,92,2bbl,3.05,3.03,9.0,62,4800.0,31,38,6338.0,87,7.580645161290323,6.184210526315789,Low,False,True,False,True,True,False,True,False,True,False,True,False,True,False,True,False,True,False,True,False
152,1,74,toyota,four,hatchback,fwd,front,95.7,0.762614127823162,0.8796680497925312,0.762614127823162,2015,ohc,four,92,2bbl,3.05,3.03,9.0,62,4800.0,31,38,6488.0,74,7.580645161290323,6.184210526315789,Low,False,True,False,True,True,False,True,False,True,False,True,False,True,False,True,False,True,False,True,False
153,0,77,toyota,four,wagon,fwd,front,95.7,0.8154733301297453,0.8796680497925312,0.8154733301297453,2280,ohc,four,92,2bbl,3.05,3.03,9.0,62,4800.0,31,37,6918.0,77,7.580645161290323,6.351351351351352,Low,False,True,False,True,True,False,True,False,True,False,True,False,True,False,True,False,True,False,True,False
154,0,81,toyota,four,wagon,4wd,front,95.7,0.8154733301297453,0.8796680497925312,0.8154733301297453,2290,ohc,four,92,2bbl,3.05,3.03,9.0,62,4800.0,27,32,7898.0,81,8.703703703703704,7.34375,Low,False,True,False,True,True,False,True,False,True,False,True,False,True,False,True,False,True,False,True,False
155,0,91,toyota,four,wagon,4wd,front,95.7,0.8154733301297453,0.8796680497925312,0.8154733301297453,3110,ohc,four,92,2bbl,3.05,3.03,9.0,62,4800.0,27,32,8778.0,91,8.703703703703704,7.34375,Low,False,True,False,True,True,False,True,False,True,False,True,False,True,False,True,False,True,False,True,False
156,0,91,toyota,four,sedan,fwd,front,95.7,0.7991350312349833,0.8907330567081606,0.7991350312349833,2081,ohc,four,98,2bbl,3.19,3.03,9.0,70,4800.0,30,37,6938.0,91,7.833333333333333,6.351351351351352,Low,False,True,False,True,True,False,True,False,True,False,True,False,True,False,True,False,True,False,True,False
157,0,91,toyota,four,hatchback,fwd,front,95.7,0.7991350312349833,0.8907330567081606,0.7991350312349833,2109,ohc,four,98,2bbl,3.19,3.03,9.0,70,4800.0,30,37,7198.0,91,7.833333333333333,6.351351351351352,Low,False,True,False,True,True,False,True,False,True,False,True,False,True,False,True,False,True,False,True,False
158,0,91,toyota,four,sedan,fwd,front,95.7,0.7991350312349833,0.8907330567081606,0.7991350312349833,2275,ohc,four,110,idi,3.27,3.35,22.5,56,4500.0,34,36,7898.0,91,6.911764705882353,6.527777777777778,Low,True,False,True,False,True,False,True,False,True,False,True,False,True,False,True,False,True,False,True,False
159,0,91,toyota,four,hatchback,fwd,front,95.7,0.7991350312349833,0.8907330567081606,0.7991350312349833,2275,ohc,four,110,idi,3.27,3.35,22.5,56,4500.0,38,47,7788.0,91,6.184210526315789,5.0,Low,True,False,True,False,True,False,True,False,True,False,True,False,True,False,True,False,True,False,True,False
160,0,91,toyota,four,sedan,fwd,front,95.7,0.7991350312349833,0.8907330567081606,0.7991350312349833,2094,ohc,four,98,2bbl,3.19,3.03,9.0,70,4800.0,38,47,7738.0,91,6.184210526315789,5.0,Low,False,True,False,True,True,False,True,False,True,False,True,False,True,False,True,False,True,False,True,False
161,0,91,toyota,four,hatchback,fwd,front,95.7,0.7991350312349833,0.8907330567081606,0.7991350312349833,2122,ohc,four,98,2bbl,3.19,3.03,9.0,70,4800.0,28,34,8358.0,91,8.392857142857142,6.911764705882353,Low,False,True,False,True,True,False,True,False,True,False,True,False,True,False,True,False,True,False,True,False
162,0,91,toyota,four,sedan,fwd,front,95.7,0.7991350312349833,0.8907330567081606,0.7991350312349833,2140,ohc,four,98,2bbl,3.19,3.03,9.0,70,4800.0,28,34,9258.0,91,8.392857142857142,6.911764705882353,Low,False,True,False,True,True,False,True,False,True,False,True,False,True,False,True,False,True,False,True,False
163,1,168,toyota,two,sedan,rwd,front,94.5,0.810667948101874,0.8852005532503459,0.810667948101874,2169,ohc,four,98,2bbl,3.19,3.03,9.0,70,4800.0,29,34,8058.0,168,8.10344827586207,6.911764705882353,Low,False,True,False,True,True,False,True,False,True,False,True,False,True,False,True,False,True,False,True,False
164,1,168,toyota,two,hatchback,rwd,front,94.5,0.810667948101874,0.8852005532503459,0.810667948101874,2204,ohc,four,98,2bbl,3.19,3.03,9.0,70,4800.0,29,34,8238.0,168,8.10344827586207,6.911764705882353,Low,False,True,False,True,True,False,True,False,True,False,True,False,True,False,True,False,True,False,True,False
165,1,168,toyota,two,sedan,rwd,front,94.5,0.810667948101874,0.8852005532503459,0.810667948101874,2265,dohc,four,98,mpfi,3.24,3.08,9.4,112,6600.0,26,29,9298.0,168,9.038461538461538,8.10344827586207,Low,False,True,False,True,True,False,True,False,True,False,True,False,True,False,True,False,True,False,True,False
166,1,168,toyota,two,hatchback,rwd,front,94.5,0.810667948101874,0.8852005532503459,0.810667948101874,2300,dohc,four,98,mpfi,3.24,3.08,9.4,112,6600.0,26,29,9538.0,168,9.038461538461538,8.10344827586207,Low,False,True,False,True,True,False,True,False,True,False,True,False,True,False,True,False,True,False,True,False
167,2,134,toyota,two,hardtop,rwd,front,98.4,0.8467083133109082,0.9073305670816044,0.8467083133109082,2540,ohc,four,146,mpfi,3.62,3.5,9.3,116,4800.0,24,30,8449.0,134,9.791666666666666,7.833333333333333,Low,False,True,False,True,True,False,True,False,True,False,True,False,True,False,True,False,True,False,True,False
168,2,134,toyota,two,hardtop,rwd,front,98.4,0.8467083133109082,0.9073305670816044,0.8467083133109082,2536,ohc,four,146,mpfi,3.62,3.5,9.3,116,4800.0,24,30,9639.0,134,9.791666666666666,7.833333333333333,Low,False,True,False,True,True,False,True,False,True,False,True,False,True,False,True,False,True,False,True,False
169,2,134,toyota,two,hatchback,rwd,front,98.4,0.8467083133109082,0.9073305670816044,0.8467083133109082,2551,ohc,four,146,mpfi,3.62,3.5,9.3,116,4800.0,24,30,9989.0,134,9.791666666666666,7.833333333333333,Low,False,True,False,True,True,False,True,False,True,False,True,False,True,False,True,False,True,False,True,False
170,2,134,toyota,two,hardtop,rwd,front,98.4,0.8467083133109082,0.9073305670816044,0.8467083133109082,2679,ohc,four,146,mpfi,3.62,3.5,9.3,116,4800.0,24,30,11199.0,134,9.791666666666666,7.833333333333333,Low,False,True,False,True,True,False,True,False,True,False,True,False,True,False,True,False,True,False,True,False
171,2,134,toyota,two,hatchback,rwd,front,98.4,0.8467083133109082,0.9073305670816044,0.8467083133109082,2714,ohc,four,146,mpfi,3.62,3.5,9.3,116,4800.0,24,30,11549.0,134,9.791666666666666,7.833333333333333,Low,False,True,False,True,True,False,True,False,True,False,True,False,True,False,True,False,True,False,True,False
172,2,134,toyota,two,convertible,rwd,front,98.4,0.8467083133109082,0.9073305670816044,0.8467083133109082,2975,ohc,four,146,mpfi,3.62,3.5,9.3,116,4800.0,24,30,17669.0,134,9.791666666666666,7.833333333333333,Low,False,True,False,True,True,False,True,False,True,False,True,False,True,False,True,False,True,False,True,False
173,-1,65,toyota,four,sedan,fwd,front,102.4,0.8438250840941854,0.9197786998616875,0.8438250840941854,2326,ohc,four,122,mpfi,3.31,3.54,8.7,92,4200.0,29,34,8948.0,65,8.10344827586207,6.911764705882353,Low,False,True,False,True,True,False,True,False,True,False,True,False,True,False,True,False,True,False,True,False
174,-1,65,toyota,four,sedan,fwd,front,102.4,0.8438250840941854,0.9197786998616875,0.8438250840941854,2480,ohc,four,110,idi,3.27,3.35,22.5,73,4500.0,30,33,10698.0,65,7.833333333333333,7.121212121212121,Low,True,False,True,False,False,True,False,True,False,True,False,True,False,True,False,True,False,True,False,True
175,-1,65,toyota,four,hatchback,fwd,front,102.4,0.8438250840941854,0.9197786998616875,0.8438250840941854,2414,ohc,four,122,mpfi,3.31,3.54,8.7,92,4200.0,27,32,9988.0,65,8.703703703703704,7.34375,Low,False,True,False,True,True,False,True,False,True,False,True,False,True,False,True,False,True,False,True,False
176,-1,65,toyota,four,sedan,fwd,front,102.4,0.8438250840941854,0.9197786998616875,0.8438250840941854,2414,ohc,four,122,mpfi,3.31,3.54,8.7,92,4200.0,27,32,10898.0,65,8.703703703703704,7.34375,Low,False,True,False,True,True,False,True,False,True,False,True,False,True,False,True,False,True,False,True,False
177,-1,65,toyota,four,hatchback,fwd,front,102.4,0.8438250840941854,0.9197786998616875,0.8438250840941854,2458,ohc,four,122,mpfi,3.31,3.54,8.7,92,4200.0,27,32,11248.0,65,8.703703703703704,7.34375,Low,False,True,False,True,True,False,True,False,True,False,True,False,True,False,True,False,True,False,True,False
178,3,197,toyota,two,hatchback,rwd,front,102.9,0.8817876021143681,0.9363762102351315,0.8817876021143681,2976,dohc,six,171,mpfi,3.27,3.35,9.3,161,5200.0,20,24,16558.0,197,11.75,9.791666666666666,Medium,False,True,False,True,True,False,True,False,True,False,True,False,True,False,True,False,True,False,True,False
179,3,197,toyota,two,hatchback,rwd,front,102.9,0.8817876021143681,0.9363762102351315,0.8817876021143681,3016,dohc,six,171,mpfi,3.27,3.35,9.3,161,5200.0,19,24,15998.0,197,12.368421052631579,9.791666666666666,Medium,False,True,False,True,True,False,True,False,True,False,True,False,True,False,True,False,True,False,True,False
180,-1,90,toyota,four,sedan,rwd,front,104.5,0.9024507448342144,0.9197786998616875,0.9024507448342144,3131,dohc,six,171,mpfi,3.27,3.35,9.2,156,5200.0,20,24,15690.0,90,11.75,9.791666666666666,Medium,False,True,False,True,True,False,True,False,True,False,True,False,True,False,True,False,True,False,True,False
181,-1,122,toyota,four,wagon,rwd,front,104.5,0.9024507448342144,0.9197786998616875,0.9024507448342144,3151,dohc,six,161,mpfi,3.27,3.35,9.2,156,5200.0,19,24,15750.0,122,12.368421052631579,9.791666666666666,Medium,False,True,False,True,True,False,True,False,True,False,True,False,True,False,True,False,True,False,True,False
182,2,122,volkswagen,two,sedan,fwd,front,97.3,0.8250840941854877,0.9059474412171508,0.8250840941854877,2261,ohc,four,97,idi,3.01,3.4,23.0,52,4800.0,37,46,7775.0,122,6.351351351351352,5.108695652173913,Low,True,False,True,False,True,False,True,False,True,False,True,False,True,False,True,False,True,False,True,False
183,2,122,volkswagen,two,sedan,fwd,front,97.3,0.8250840941854877,0.9059474412171508,0.8250840941854877,2209,ohc,four,109,mpfi,3.19,3.4,9.0,85,5250.0,27,34,7975.0,122,8.703703703703704,6.911764705882353,Low,False,True,False,True,True,False,True,False,True,False,True,False,True,False,True,False,True,False,True,False
184,2,94,volkswagen,four,sedan,fwd,front,97.3,0.8250840941854877,0.9059474412171508,0.8250840941854877,2264,ohc,four,97,idi,3.01,3.4,23.0,52,4800.0,37,46,7995.0,94,6.351351351351352,5.108695652173913,Low,True,False,True,False,True,False,True,False,True,False,True,False,True,False,True,False,True,False,True,False
185,2,94,volkswagen,four,sedan,fwd,front,97.3,0.8250840941854877,0.9059474412171508,0.8250840941854877,2212,ohc,four,109,mpfi,3.19,3.4,9.0,85,5250.0,27,34,8195.0,94,8.703703703703704,6.911764705882353,Low,False,True,False,True,True,False,True,False,True,False,True,False,True,False,True,False,True,False,True,False
186,2,94,volkswagen,four,sedan,fwd,front,97.3,0.8250840941854877,0.9059474412171508,0.8250840941854877,2275,ohc,four,109,mpfi,3.19,3.4,9.0,85,5250.0,27,34,8495.0,94,8.703703703703704,6.911764705882353,Low,False,True,False,True,True,False,True,False,True,False,True,False,True,False,True,False,True,False,True,False
187,2,94,volkswagen,four,sedan,fwd,front,97.3,0.8250840941854877,0.9059474412171508,0.8250840941854877,2319,ohc,four,97,idi,3.01,3.4,23.0,68,4500.0,37,42,9495.0,94,6.351351351351352,5.595238095238095,Low,True,False,True,False,False,True,False,True,False,True,False,True,False,True,False,True,False,True,False,True
188,2,94,volkswagen,four,sedan,fwd,front,97.3,0.8250840941854877,0.9059474412171508,0.8250840941854877,2300,ohc,four,109,mpfi,3.19,3.4,10.0,100,5500.0,26,32,9995.0,94,9.038461538461538,7.34375,Low,False,True,False,True,True,False,True,False,True,False,True,False,True,False,True,False,True,False,True,False
189,3,122,volkswagen,two,convertible,fwd,front,94.5,0.7654973570398848,0.8879668049792532,0.7654973570398848,2254,ohc,four,109,mpfi,3.19,3.4,8.5,90,5500.0,24,29,11595.0,122,9.791666666666666,8.10344827586207,Low,False,True,False,True,True,False,True,False,True,False,True,False,True,False,True,False,True,False,True,False
190,3,256,volkswagen,two,hatchback,fwd,front,94.5,0.7962518020182604,0.8852005532503459,0.7962518020182604,2221,ohc,four,109,mpfi,3.19,3.4,8.5,90,5500.0,24,29,9980.0,256,9.791666666666666,8.10344827586207,Low,False,True,False,True,True,False,True,False,True,False,True,False,True,False,True,False,True,False,True,False
191,0,122,volkswagen,four,sedan,fwd,front,100.4,0.865929841422393,0.9253112033195022,0.865929841422393,2661,ohc,five,136,mpfi,3.19,3.4,8.5,110,5500.0,19,24,13295.0,122,12.368421052631579,9.791666666666666,Low,False,True,False,True,True,False,True,False,True,False,True,False,True,False,True,False,True,False,True,False
192,0,122,volkswagen,four,sedan,fwd,front,100.4,0.865929841422393,0.9253112033195022,0.865929841422393,2579,ohc,four,97,idi,3.01,3.4,23.0,68,4500.0,33,38,13845.0,122,7.121212121212121,6.184210526315789,Low,True,False,True,False,False,True,False,True,False,True,False,True,False,True,False,True,False,True,False,True
193,0,122,volkswagen,four,wagon,fwd,front,100.4,0.8798654493032196,0.9253112033195022,0.8798654493032196,2563,ohc,four,109,mpfi,3.19,3.4,9.0,88,5500.0,25,31,12290.0,122,9.4,7.580645161290323,Low,False,True,False,True,True,False,True,False,True,False,True,False,True,False,True,False,True,False,True,False
194,-2,103,volvo,four,sedan,rwd,front,104.3,0.9072561268620856,0.9294605809128631,0.9072561268620856,2912,ohc,four,141,mpfi,3.78,3.15,9.5,114,5400.0,23,28,12940.0,103,10.217391304347826,8.392857142857142,Low,False,True,False,True,True,False,True,False,True,False,True,False,True,False,True,False,True,False,True,False
195,-1,74,volvo,four,wagon,rwd,front,104.3,0.9072561268620856,0.9294605809128631,0.9072561268620856,3034,ohc,four,141,mpfi,3.78,3.15,9.5,114,5400.0,23,28,13415.0,74,10.217391304347826,8.392857142857142,Low,False,True,False,True,True,False,True,False,True,False,True,False,True,False,True,False,True,False,True,False
196,-2,103,volvo,four,sedan,rwd,front,104.3,0.9072561268620856,0.9294605809128631,0.9072561268620856,2935,ohc,four,141,mpfi,3.78,3.15,9.5,114,5400.0,24,28,15985.0,103,9.791666666666666,8.392857142857142,Low,False,True,False,True,True,False,True,False,True,False,True,False,True,False,True,False,True,False,True,False
197,-1,74,volvo,four,wagon,rwd,front,104.3,0.9072561268620856,0.9294605809128631,0.9072561268620856,3042,ohc,four,141,mpfi,3.78,3.15,9.5,114,5400.0,24,28,16515.0,74,9.791666666666666,8.392857142857142,Low,False,True,False,True,True,False,True,False,True,False,True,False,True,False,True,False,True,False,True,False
198,-2,103,volvo,four,sedan,rwd,front,104.3,0.9072561268620856,0.9294605809128631,0.9072561268620856,3045,ohc,four,130,mpfi,3.62,3.15,7.5,162,5100.0,17,22,18420.0,103,13.823529411764707,10.681818181818182,Medium,False,True,False,True,False,True,False,True,False,True,False,True,False,True,False,True,False,True,False,True
199,-1,74,volvo,four,wagon,rwd,front,104.3,0.9072561268620856,0.9294605809128631,0.9072561268620856,3157,ohc,four,130,mpfi,3.62,3.15,7.5,162,5100.0,17,22,18950.0,74,13.823529411764707,10.681818181818182,Medium,False,True,False,True,False,True,False,True,False,True,False,True,False,True,False,True,False,True,False,True
200,-1,95,volvo,four,sedan,rwd,front,109.1,0.9072561268620856,0.9529737206085755,0.9072561268620856,2952,ohc,four,141,mpfi,3.78,3.15,9.5,114,5400.0,23,28,16845.0,95,10.217391304347826,8.392857142857142,Low,False,True,False,True,True,False,True,False,True,False,True,False,True,False,True,False,True,False,True,False
201,-1,95,volvo,four,sedan,rwd,front,109.1,0.9072561268620856,0.9515905947441217,0.9072561268620856,3049,ohc,four,141,mpfi,3.78,3.15,8.7,160,5300.0,19,25,19045.0,95,12.368421052631579,9.4,Medium,False,True,False,True,False,True,False,True,False,True,False,True,False,True,False,True,False,True,False,True
202,-1,95,volvo,four,sedan,rwd,front,109.1,0.9072561268620856,0.9529737206085755,0.9072561268620856,3012,ohcv,six,173,mpfi,3.58,2.87,8.8,134,5500.0,18,23,21485.0,95,13.055555555555555,10.217391304347826,Medium,False,True,False,True,True,False,True,False,True,False,True,False,True,False,True,False,True,False,True,False
203,-1,95,volvo,four,sedan,rwd,front,109.1,0.9072561268620856,0.9529737206085755,0.9072561268620856,3217,ohc,six,145,idi,3.01,3.4,23.0,106,4800.0,26,27,22470.0,95,9.038461538461538,8.703703703703704,Low,True,False,True,False,False,True,False,True,False,True,False,True,False,True,False,True,False,True,False,True
204,-1,95,volvo,four,sedan,rwd,front,109.1,0.9072561268620856,0.9529737206085755,0.9072561268620856,3062,ohc,four,141,mpfi,3.78,3.15,9.5,114,5400.0,19,25,22625.0,95,12.368421052631579,9.4,Low,False,True,False,True,False,True,False,True,False,True,False,True,False,True,False,True,False,True,False,True
